1#Algebra#Ganzrationale Funktionen#Lösungsformeln; Satz vom Nullprodukt
2#Algebra#Ganzrationale Funktionen#Substitution; Polynomdivision
3#Algebra#Bruchgleichungen#Bruchgleichungen
4#Algebra#Exponentialgleichungen#Exponentialgleichungen
5#Algebra#Exponentialgleichungen#Gleichungen mit der Basis e
6#Algebra#Trigonometrische Gleichungen#Trigonometrische Gleichungen
7#Algebra#Lineare Gleichungssysteme#Keine Lösung; genau eine Lösung
8#Algebra#Lineare Gleichungssysteme#Unendlich viele Lösungen
9#Funktionen#Lineare Funktionen#Gerade durch zwei Punkte; Sonderfall
10#Funktionen#Lineare Funktionen#Orthogonalität; Länge und Mitte der Strecke
11#Funktionen#Potenzfunktionen#Asymptoten; Symmetrie
12#Funktionen#Ganzrationale Funktionen#Nullstellen; Polynomdivision; Graph
13#Funktionen#Gebrochenrationale Funktionen#Verhalten in der Nähe von Definitionslücken
14#Funktionen#Gebrochenrationale Funktionen#Senkrechte, waagrechte und schiefe Asymptoten
15#Funktionen#Gebrochenrationale Funktionen#Näherungskurven
16#Funktionen#Exponentialfunktionen#e-Funktionen; Spiegelung an Koordinatenachsen
17#Funktionen#Exponentialfunktionen#Verschiebung; Streckungen
18#Funktionen#Trigonometrische Funktionen#Graphen; besondere Punkte
19#Funktionen#Trigonometrische Funktionen#Periode; Amplitude; Streckung und Verschiebung
20#Funktionen#Trigonometrische Funktionen#Terme
21#Funktionen#Symmetrie bei Funktionen#Achsensymmetrie bezüglich der y-Achse
22#Funktionen#Symmetrie bei Funktionen#Punktsymmetrie zum Ursprung
23#Funktionen#Symmetrie bei Funktionen#Achsensymmetrie zu x = a; Punktsymmetrie zu Z (u | v)
24#Differenzialrechnung#Ableitung#Änderungsraten bei Größen
25#Differenzialrechnung#Ableitung#Änderungsraten bei gegebener Funktion
26#Differenzialrechnung#Ableitung#Ableitung an einer Stelle
27#Differenzialrechnung#Ableitung#Schließen von f auf f’
28#Differenzialrechnung#Ableitung#Schließen von f’ auf f
29#Differenzialrechnung#Ableitungsregeln#Konstanten-, Summen- und Faktorregel
30#Differenzialrechnung#Ableitungsregeln#Produkt- und Quotientenregel
31#Differenzialrechnung#Ableitungsregeln#Kettenregel
32#Differenzialrechnung#Ableitungsregeln#Produkt- und Quotientenregel mit Kettenregel
33#Differenzialrechnung#Gleichung einer Tangente#Tangente im Berührpunkt B; Tangente von einem Punkt P
34#Differenzialrechnung#Gleichung einer Normalen#Tangente; Normale
35#Differenzialrechnung#Berührung zweier Graphen#Ableitung, Tangente; Gleichungen
36#Differenzialrechnung#Monotonie#Definition der Monotonie; Monotoniesatz
37#Differenzialrechnung#Kurvendiskussion#NEWTON-Verfahren
38#Differenzialrechnung#Kurvendiskussion#Ganzrationale Funktion
39#Differenzialrechnung#Kurvendiskussion#Gebrochenrationale Funktion
40#Differenzialrechnung#Kurvendiskussion#Exponentialfunktion
41#Differenzialrechnung#Kurvendiskussion#Trigonometrische Funktion
42#Differenzialrechnung#Extremwertprobleme#Extremwertproblem bei ganzrationaler Funktion
43#Differenzialrechnung#Extremwertprobleme#Extremwertproblem bei Exponentialfunktion
44#Differenzialrechnung#Anwendungen#Bestimmung einer ganzrationalen Funktion
45#Differenzialrechnung#Anwendungen#Funktionenschar
46#Differenzialrechnung#Anwendungen#Ortslinie
47#Differenzialrechnung#Wachstum#Beschränktes Wachstum
48#Differenzialrechnung#Wachstum#Exponentielles und beschränktes Wachstum
49#Differenzialrechnung#Wachstum#S-förmiges Wachstum
50#Integralrechnung#Stammfunktionen#Potenzfunktionen – Summen- und Faktorregel
51#Integralrechnung#Stammfunktionen#Trigonometrische Funktionen – Lineare Substitution
52#Integralrechnung#Stammfunktionen#Exponentialfunktionen – Bestimmung der Konstanten; Lineare Substitution
53#Integralrechnung#Flächenberechnung#Fläche unterhalb eines Graphen
54#Integralrechnung#Flächenberechnung#Fläche zwischen zwei Graphen
55#Integralrechnung#Flächenberechnung#Orientierter Flächeninhalt
56#Integralrechnung#Bestand aus Änderungsrate #Bestand aus Änderungsrate 
57#Integralrechnung#Bestand aus Änderungsrate#Ermittlung des Terms
58#Integralrechnung#Integralfunktion#Integralfunktion
59#Integralrechnung#Mittelwert einer Funktion#Mittelwert einer Funktion
60#Integralrechnung#Rauminhalt eines Rotationskörpers#Rauminhalt eines Rotationskörpers
61#Integralrechnung#Uneigentliche Integrale#Rechts offene Fläche
62#Integralrechnung#Uneigentliche Integrale#Oben offene Fläche
63#Integralrechnung#KEPLERsche Fassregel#KEPLERsche Fassregel
64#Analytische Geometrie#Rechnen mit Vektoren#Vektor; Ortsvektor; Betrag; Einheitsvektor
65#Analytische Geometrie#Rechnen mit Vektoren#Addition von Vektoren; Multiplikation eines Vektors mit einer Zahl; Mittelpunkt einer Strecke
66#Analytische Geometrie#Rechnen mit Vektoren#Linearkombination; lineare Abhängigkeit bzw. lineare Unabhängigkeit
67#Analytische Geometrie#Rechnen mit Vektoren#Skalarprodukt; Winkel zwischen Vektoren
68#Analytische Geometrie#Rechnen mit Vektoren#Normalenvektor
69#Analytische Geometrie#Rechnen mit Vektoren#Flächeninhalt eines Dreiecks
70#Analytische Geometrie#Rechnen mit Vektoren#Rauminhalt einer Pyramide
71#Analytische Geometrie#Geradengleichung#Geradengleichung in Parameterform; Punktprobe
72#Analytische Geometrie#Ebenengleichung#Parameterform einer Ebenengleichung
73#Analytische Geometrie#Ebenengleichung#Koordinatenform einer Ebenengleichung
74#Analytische Geometrie#Ebenengleichung#Koordinatenform aus Parameterform
75#Analytische Geometrie#Ebenengleichung#Koordinatenform aus drei Punkten
76#Analytische Geometrie#Ebenengleichung#Normalenform einer Ebenengleichung
77#Analytische Geometrie#Besondere Lage von Geraden und Ebenen#Besondere Lage von Geraden
78#Analytische Geometrie#Besondere Lage von Geraden und Ebenen#Besondere Lage von Ebenen
79#Analytische Geometrie#Gegenseitige Lage von Geraden#Parallelität; Identität
80#Analytische Geometrie#Gegenseitige Lage von Geraden#Schneidende und windschiefe Geraden
81#Analytische Geometrie#Gegenseitige Lage von Gerade und Ebene#Ebene in Koordinatenform
82#Analytische Geometrie#Gegenseitige Lage von Gerade und Ebene#Ebene in Parameterform
83#Analytische Geometrie#Gegenseitige Lage von Ebenen#Mindestens eine Ebene in Koordinatenform
84#Analytische Geometrie#Gegenseitige Lage von Ebenen#Beide Ebenen in Parameterform
85#Analytische Geometrie#Strategien bei Abstandsberechnungen#Methode: „Laufender“ Punkt
86#Analytische Geometrie#Strategien bei Abstandsberechnungen#Methode: Hilfsebene
87#Analytische Geometrie#Abstandsberechnungen#Abstand: Punkt – Ebene (Hesse’sche Normalenform)
88#Analytische Geometrie#Abstandsberechnungen#Abstand: Punkt – Ebene (Hilfsebene)
89#Analytische Geometrie#Abstandsberechnungen#Abstand: Punkt – Gerade (Methoden: „laufender“ Punkt bzw. Hilfsebene)
90#Analytische Geometrie#Abstandsberechnungen#Abstand: Gerade – Gerade (Formel; „laufender“ Punkt; Hilfsebene)
91#Analytische Geometrie#Winkelberechnungen#Schnittwinkel zwischen Geraden
92#Analytische Geometrie#Winkelberechnungen#Schnittwinkel zwischen Gerade und Ebene
93#Analytische Geometrie#Winkelberechnungen#Schnittwinkel zwischen Ebenen
94#Analytische Geometrie#Winkelberechnungen#Winkel zwischen Seitenflächen einer Pyramide
95#Analytische Geometrie#„Umgekehrte“ Abstandsaufgabe#Gesucht: Punkte auf einer Geraden mit vergebenem Abstand
96#Analytische Geometrie#„Umgekehrte“ Abstandsaufgabe#Gesucht: Punkte auf einem Lot mit vorgegebenem Abstand
97#Analytische Geometrie#Spiegelungen#Spiegelung eines Punktes an einer Geraden
98#Analytische Geometrie#Spiegelungen#Spiegelung eines Punktes an einer Ebene
99#Analytische Geometrie#Geraden- und Ebenenscharen#Geradenschar
100#Analytische Geometrie#Geraden- und Ebenenscharen#Ebenenschar
